-- phpMediaDB :: Licensed under GNU-GPL :: http://phpmediadb.berlios.de/
-- $Id: insert-data.sql,v 1.8 2005/05/06 10:49:10 mblaschke Exp $

--
-- Daten für Tabelle `categories`
--


INSERT INTO `Categories` (`CategoryID`, `ItemTypeID`, `CategoryName`) VALUES
(1, 1, 'Category_Blues'),
(2, 1, 'Category_Classic-Rock'),
(3, 1, 'Category_Country'),
(4, 1, 'Category_Dance'),
(5, 1, 'Category_Disco'),
(6, 1, 'Category_Funk'),
(7, 1, 'Category_Grunge'),
(8, 1, 'Category_Hip-Hop'),
(9, 1, 'Category_Jazz'),
(10, 1, 'Category_Metal'),
(11, 1, 'Category_New-Age'),
(12, 1, 'Category_Oldies'),
(13, 1, 'Category_Other'),
(14, 1, 'Category_Pop'),
(15, 1, 'Category_R&B'),
(16, 1, 'Category_Rap'),
(17, 1, 'Category_Reggae'),
(18, 1, 'Category_Rock'),
(19, 1, 'Category_Techno'),
(20, 1, 'Category_Industrial'),
(21, 1, 'Category_Alternative'),
(22, 1, 'Category_Ska'),
(23, 1, 'Category_Death-Metal'),
(24, 1, 'Category_Pranks'),
(25, 1, 'Category_Soundtrack'),
(26, 1, 'Category_Euro-Techno'),
(27, 1, 'Category_Ambient'),
(28, 1, 'Category_Trip-Hop'),
(29, 1, 'Category_Vocal'),
(30, 1, 'Category_Jazz+Funk'),
(31, 1, 'Category_Fusion'),
(32, 1, 'Category_Trance'),
(33, 1, 'Category_Classical'),
(34, 1, 'Category_Instrumental'),
(35, 1, 'Category_Acid'),
(36, 1, 'Category_House'),
(37, 1, 'Category_Game'),
(38, 1, 'Category_Sound-Clip'),
(39, 1, 'Category_Gospel'),
(40, 1, 'Category_Noise'),
(41, 1, 'Category_AlternRock'),
(42, 1, 'Category_Bass'),
(43, 1, 'Category_Soul'),
(44, 1, 'Category_Punk'),
(45, 1, 'Category_Space'),
(46, 1, 'Category_Meditative'),
(47, 1, 'Category_Instrumental-Pop'),
(48, 1, 'Category_Instrumental-Rock'),
(49, 1, 'Category_Ethnic'),
(50, 1, 'Category_Gothic'),
(51, 1, 'Category_Darkwave'),
(52, 1, 'Category_Techno-Industrial'),
(53, 1, 'Category_Electronic'),
(54, 1, 'Category_Pop-Folk'),
(55, 1, 'Category_Eurodance'),
(56, 1, 'Category_Dream'),
(57, 1, 'Category_Southern-Rock'),
(58, 1, 'Category_Comedy'),
(59, 1, 'Category_Cult'),
(60, 1, 'Category_Gangsta'),
(61, 1, 'Category_Top-40'),
(62, 1, 'Category_Christian-Rap'),
(63, 1, 'Category_Pop/Funk'),
(64, 1, 'Category_Jungle'),
(65, 1, 'Category_Native-American'),
(66, 1, 'Category_Cabaret'),
(67, 1, 'Category_New-Wave'),
(68, 1, 'Category_Psychadelic'),
(69, 1, 'Category_Rave'),
(70, 1, 'Category_Showtunes'),
(71, 1, 'Category_Trailer'),
(72, 1, 'Category_Lo-Fi'),
(73, 1, 'Category_Tribal'),
(74, 1, 'Category_Acid-Punk'),
(75, 1, 'Category_Acid-Jazz'),
(76, 1, 'Category_Polka'),
(77, 1, 'Category_Retro'),
(78, 1, 'Category_Musical'),
(79, 1, 'Category_Rock&Roll'),
(80, 1, 'Category_Hard-Rock'),
(81, 1, 'Category_Folk'),
(82, 1, 'Category_Folk-Rock'),
(83, 1, 'Category_National-Folk'),
(84, 1, 'Category_Swing'),
(85, 1, 'Category_Fast-Fusion'),
(86, 1, 'Category_Bebob'),
(87, 1, 'Category_Latin'),
(88, 1, 'Category_Revival'),
(89, 1, 'Category_Celtic'),
(90, 1, 'Category_Bluegrass'),
(91, 1, 'Category_Avantgarde'),
(92, 1, 'Category_Gothic-Rock'),
(93, 1, 'Category_Progressive-Rock'),
(94, 1, 'Category_Psychedelic-Rock'),
(95, 1, 'Category_Symphonic-Rock'),
(96, 1, 'Category_Slow-Rock'),
(97, 1, 'Category_Big-Band'),
(98, 1, 'Category_Chorus'),
(99, 1, 'Category_Easy-Listening'),
(100, 1, 'Category_Acoustic'),
(101, 1, 'Category_Humour'),
(102, 1, 'Category_Speech'),
(103, 1, 'Category_Chanson'),
(104, 1, 'Category_Opera'),
(105, 1, 'Category_Chamber-Music'),
(106, 1, 'Category_Sonata'),
(107, 1, 'Category_Symphony'),
(108, 1, 'Category_Booty-Bass'),
(109, 1, 'Category_Primus'),
(110, 1, 'Category_Porn-Groove'),
(111, 1, 'Category_Satire'),
(112, 1, 'Category_Slow-Jam'),
(113, 1, 'Category_Club'),
(114, 1, 'Category_Tango'),
(115, 1, 'Category_Samba'),
(116, 1, 'Category_Folklore'),
(117, 1, 'Category_Ballad'),
(118, 1, 'Category_Power-Ballad'),
(119, 1, 'Category_Rhythmic-Soul'),
(120, 1, 'Category_Freestyle'),
(121, 1, 'Category_Duet'),
(122, 1, 'Category_Punk-Rock'),
(123, 1, 'Category_Drum-Solo'),
(124, 1, 'Category_Acapella'),
(125, 1, 'Category_Euro-House'),
(126, 1, 'Category_Dance-Hall'),
(127, 1, 'Category_Goa'),
(128, 1, 'Category_Drum&Bass'),
(129, 1, 'Category_Club-House'),
(130, 1, 'Category_Hardcore'),
(131, 1, 'Category_Terror'),
(132, 1, 'Category_Indie'),
(133, 1, 'Category_BritPop'),
(134, 1, 'Category_Negerpunk'),
(135, 1, 'Category_Polsk-Punk'),
(136, 1, 'Category_Beat'),
(137, 1, 'Category_Christian-Gangsta-Rap'),
(138, 1, 'Category_Heavy-Metal'),
(139, 1, 'Category_Black-Metal'),
(140, 1, 'Category_Crossover'),
(141, 1, 'Category_Contemporary-Christian'),
(142, 1, 'Category_Christian-Rock'),
(143, 1, 'Category_Merengue'),
(144, 1, 'Category_Salsa'),
(145, 1, 'Category_Trash-Metal'),
(146, 1, 'Category_Anime'),
(147, 1, 'Category_Jpop'),
(148, 1, 'Category_Synthpop'),
(149, 2, 'Category_Action'),
(150, 2, 'Category_Adventure'),
(151, 2, 'Category_Animation'),
(152, 2, 'Category_Comedy'),
(153, 2, 'Category_Crime'),
(154, 2, 'Category_Documentary'),
(155, 2, 'Category_Drama'),
(156, 2, 'Category_Family'),
(157, 2, 'Category_Fantasy'),
(158, 2, 'Category_Film-Noir'),
(159, 2, 'Category_Horror'),
(160, 2, 'Category_Music'),
(161, 2, 'Category_Musical'),
(162, 2, 'Category_Mystery'),
(163, 2, 'Category_Romance'),
(164, 2, 'Category_Sci-Fi'),
(165, 2, 'Category_Short'),
(166, 2, 'Category_Thriller'),
(167, 2, 'Category_War'),
(168, 2, 'Category_Western'),
(169, 3, 'Category_Antiquarian'),
(170, 3, 'Category_Fiction'),
(171, 3, 'Category_Biography'),
(172, 3, 'Category_Business'),
(173, 3, 'Category_Computer'),
(174, 3, 'Category_Erotic'),
(175, 3, 'Category_Technical'),
(176, 3, 'Category_Movie'),
(177, 3, 'Category_Comic'),
(178, 3, 'Category_Children'),
(179, 3, 'Category_Young'),
(180, 3, 'Category_Cooking'),
(181, 3, 'Category_Crime'),
(182, 3, 'Category_Thriller'),
(183, 3, 'Category_Learning'),
(184, 3, 'Category_Music'),
(185, 3, 'Category_Sciences'),
(186, 3, 'Category_Politics'),
(187, 3, 'Category_History'),
(188, 3, 'Category_Advisory'),
(189, 3, 'Category_Traveling'),
(190, 3, 'Category_Sport'),
(191, 3, 'Category_Religion'),
(192, 3, 'Category_Esoterism'),
(193, 3, 'Category_Science-Fiction'),
(194, 3, 'Category_Fantasy'),
(195, 3, 'Category_Horror'),
(196, 3, 'Category_EBook');

--
-- Daten für Tabelle `itemtypes`
--

INSERT INTO `ItemTypes` (`ItemTypeID`, `ItemTypeCode`) VALUES
(1, 'AUDIO'),
(2, 'VIDEO'),
(3, 'PRINT');

--
-- Daten für Tabelle `mediaagerestrictions`
--

INSERT INTO `MediaAgeRestrictions` (`MediaAgeRestrictionID`, `MediaAgeRestriction`) VALUES
(1, 'AgeRestriction_Free'),
(2, 'AgeRestriction_6Years'),
(3, 'AgeRestriction_12Years'),
(4, 'AgeRestriction_16Years'),
(5, 'AgeRestriction_18Years');

--
-- Daten für Tabelle `mediacodecs`
--

INSERT INTO `MediaCodecs` (`MediaCodecID`, `ItemTypeID`, `MediaCodecName`) VALUES
(1, 1, 'Codec_MP3'),
(2, 1, 'Codec_Vorbis'),
(3, 1, 'Codec_WAVE'),
(4, 1, 'Codec_WMA'),
(5, 1, 'Codec_AC3'),
(6, 1, 'Codec_MP3Pro'),
(7, 1, 'Codec_MPEGPlus'),
(8, 1, 'Codec_AAC'),
(9, 2, 'Codec_Divx'),
(10, 2, 'Codec_Xvid'),
(11, 2, 'Codec_MPEG4'),
(12, 2, 'Codec_Dirac'),
(15, 2, 'Codec_MPEG2'),
(14, 2, 'Codec_Quicktime'),
(16, 1, 'Codec_AIFF_AIFC'),
(18, 1, 'Codec_PCM'),
(19, 3, 'Codec_PDF'),
(20, 3, 'Codec_Word'),
(21, 3, 'Codec_OpenOffice'),
(22, 3, 'Codec_RTF');

--
-- Daten für Tabelle `mediaformats`
--

INSERT INTO `MediaFormats` (`MediaFormatID`, `ItemTypeID`, `MediaFormatName`) VALUES
(1, 1, 'Format_File'),
(2, 1, 'Format_AudioCD'),
(3, 1, 'Format_AudioDVD'),
(4, 1, 'Format_MiniDisc'),
(5, 1, 'Format_Cassette'),
(6, 2, 'Format_DV'),
(7, 2, 'Format_VHS'),
(8, 2, 'Format_SVHS'),
(9, 2, 'Format_DVD'),
(10, 2, 'Format_File'),
(11, 2, 'Format_VCD'),
(12, 2, 'Format_SVCD'),
(13, 2, 'Format_Hi8'),
(14, 2, 'Format_MiniDV'),
(15, 2, 'Format_MiniDVD'),
(16, 2, 'Format_Video8'),
(17, 3, 'Format_Hardcover'),
(18, 3, 'Format_Softcover'),
(19, 3, 'Format_File');

-- EOF -- EOF -- EOF -- EOF -- EOF -- EOF -- EOF -- EOF -- EOF -- EOF -- EOF --