-- phpMediaDB :: Licensed under GNU-GPL :: http://phpmediadb.berlios.de/
-- $Id: insert-data.sql,v 1.5 2005/04/06 13:58:40 bruf Exp $

--
-- Daten für Tabelle `categories`
--


INSERT INTO `Categories` (`CategoryID`, `ItemTypeID`, `CategoryName`) VALUES (1, 1, 'Blues'),
(2, 1, 'Classic Rock'),
(3, 1, 'Country'),
(4, 1, 'Dance'),
(5, 1, 'Disco'),
(6, 1, 'Funk'),
(7, 1, 'Grunge'),
(8, 1, 'Hip-Hop'),
(9, 1, 'Jazz'),
(10, 1, 'Metal'),
(11, 1, 'New Age'),
(12, 1, 'Oldies'),
(13, 1, 'Other'),
(14, 1, 'Pop'),
(15, 1, 'R&B'),
(16, 1, 'Rap'),
(17, 1, 'Reggae'),
(18, 1, 'Rock'),
(19, 1, 'Techno'),
(20, 1, 'Industrial'),
(21, 1, 'Alternative'),
(22, 1, 'Ska'),
(23, 1, 'Death Metal'),
(24, 1, 'Pranks'),
(25, 1, 'Soundtrack'),
(26, 1, 'Euro-Techno'),
(27, 1, 'Ambient'),
(28, 1, 'Trip-Hop'),
(29, 1, 'Vocal'),
(30, 1, 'Jazz+Funk'),
(31, 1, 'Fusion'),
(32, 1, 'Trance'),
(33, 1, 'Classical'),
(34, 1, 'Instrumental'),
(35, 1, 'Acid'),
(36, 1, 'House'),
(37, 1, 'Game'),
(38, 1, 'Sound Clip'),
(39, 1, 'Gospel'),
(40, 1, 'Noise'),
(41, 1, 'AlternRock'),
(42, 1, 'Bass'),
(43, 1, 'Soul'),
(44, 1, 'Punk'),
(45, 1, 'Space'),
(46, 1, 'Meditative'),
(47, 1, 'Instrumental Pop'),
(48, 1, 'Instrumental Rock'),
(49, 1, 'Ethnic'),
(50, 1, 'Gothic'),
(51, 1, 'Darkwave'),
(52, 1, 'Techno-Industrial'),
(53, 1, 'Electronic'),
(54, 1, 'Pop-Folk'),
(55, 1, 'Eurodance'),
(56, 1, 'Dream'),
(57, 1, 'Southern Rock'),
(58, 1, 'Comedy'),
(59, 1, 'Cult'),
(60, 1, 'Gangsta'),
(61, 1, 'Top 40'),
(62, 1, 'Christian Rap'),
(63, 1, 'Pop/Funk'),
(64, 1, 'Jungle'),
(65, 1, 'Native American'),
(66, 1, 'Cabaret'),
(67, 1, 'New Wave'),
(68, 1, 'Psychadelic'),
(69, 1, 'Rave'),
(70, 1, 'Showtunes'),
(71, 1, 'Trailer'),
(72, 1, 'Lo-Fi'),
(73, 1, 'Tribal'),
(74, 1, 'Acid Punk'),
(75, 1, 'Acid Jazz'),
(76, 1, 'Polka'),
(77, 1, 'Retro'),
(78, 1, 'Musical'),
(79, 1, 'Rock & Roll'),
(80, 1, 'Hard Rock'),
(81, 1, 'Folk'),
(82, 1, 'Folk-Rock'),
(83, 1, 'National Folk'),
(84, 1, 'Swing'),
(85, 1, 'Fast Fusion'),
(86, 1, 'Bebob'),
(87, 1, 'Latin'),
(88, 1, 'Revival'),
(89, 1, 'Celtic'),
(90, 1, 'Bluegrass'),
(91, 1, 'Avantgarde'),
(92, 1, 'Gothic Rock'),
(93, 1, 'Progressive Rock'),
(94, 1, 'Psychedelic Rock'),
(95, 1, 'Symphonic Rock'),
(96, 1, 'Slow Rock'),
(97, 1, 'Big Band'),
(98, 1, 'Chorus'),
(99, 1, 'Easy Listening'),
(100, 1, 'Acoustic'),
(101, 1, 'Humour'),
(102, 1, 'Speech'),
(103, 1, 'Chanson'),
(104, 1, 'Opera'),
(105, 1, 'Chamber Music'),
(106, 1, 'Sonata'),
(107, 1, 'Symphony'),
(108, 1, 'Booty Bass'),
(109, 1, 'Primus'),
(110, 1, 'Porn Groove'),
(111, 1, 'Satire'),
(112, 1, 'Slow Jam'),
(113, 1, 'Club'),
(114, 1, 'Tango'),
(115, 1, 'Samba'),
(116, 1, 'Folklore'),
(117, 1, 'Ballad'),
(118, 1, 'Power Ballad'),
(119, 1, 'Rhythmic Soul'),
(120, 1, 'Freestyle'),
(121, 1, 'Duet'),
(122, 1, 'Punk Rock'),
(123, 1, 'Drum Solo'),
(124, 1, 'Acapella'),
(125, 1, 'Euro-House'),
(126, 1, 'Dance Hall'),
(127, 1, 'Goa'),
(128, 1, 'Drum & Bass'),
(129, 1, 'Club-House'),
(130, 1, 'Hardcore'),
(131, 1, 'Terror'),
(132, 1, 'Indie'),
(133, 1, 'BritPop'),
(134, 1, 'Negerpunk'),
(135, 1, 'Polsk Punk'),
(136, 1, 'Beat'),
(137, 1, 'Christian Gangsta Rap'),
(138, 1, 'Heavy Metal'),
(139, 1, 'Black Metal'),
(140, 1, 'Crossover'),
(141, 1, 'Contemporary Christian'),
(142, 1, 'Christian Rock'),
(143, 1, 'Merengue'),
(144, 1, 'Salsa'),
(145, 1, 'Trash Metal'),
(146, 1, 'Anime'),
(147, 1, 'Jpop'),
(148, 1, 'Synthpop'),
(149, 2, 'Category_Action'),
(150, 2, 'Category_Adventure'),
(151, 2, 'Category_Animation'),
(152, 2, 'Category_Comedy'),
(153, 2, 'Category_Crime'),
(154, 2, 'Category_Documentary'),
(155, 2, 'Category_Drama'),
(156, 2, 'Category_Family'),
(157, 2, 'Category_Fantasy'),
(158, 2, 'Category_Film-Noir'),
(159, 2, 'Category_Horror'),
(160, 2, 'Category_Music'),
(161, 2, 'Category_Musical'),
(162, 2, 'Category_Mystery'),
(163, 2, 'Category_Romance'),
(164, 2, 'Category_Sci-Fi'),
(165, 2, 'Category_Short'),
(166, 2, 'Category_Thriller'),
(167, 2, 'Category_War'),
(168, 2, 'Category_Western');

--
-- Daten für Tabelle `itemtypes`
--

INSERT INTO `ItemTypes` (`ItemTypeID`, `ItemTypeCode`) VALUES 
(1, 'AUDIO'),
(2, 'VIDEO'),
(3, 'PRINT');

--
-- Daten für Tabelle `mediaagerestrictions`
--

INSERT INTO `MediaAgeRestrictions` (`MediaAgeRestrictionID`, `MediaAgeRestriction`) VALUES 
(1, 'AgeRestriction_Free'),
(2, 'AgeRestriction_6Years'),
(3, 'AgeRestriction_12Years'),
(4, 'AgeRestriction_16Years'),
(5, 'AgeRestriction_18Years');

--
-- Daten für Tabelle `mediacodecs`
--

INSERT INTO `MediaCodecs` (`MediaCodecID`, `ItemTypeID`, `MediaCodecName`) VALUES 
(1, 1, 'Codec_MP3'),
(2, 1, 'Codec_Vorbis'),
(3, 1, 'Codec_WAVE'),
(4, 1, 'Codec_WMA'),
(5, 1, 'Codec_AC3'),
(6, 1, 'Codec_MP3Pro'),
(7, 1, 'Codec_MPEGPlus'),
(8, 1, 'Codec_AAC'),
(9, 2, 'Codec_Divx'),
(10, 2, 'Codec_Xvid'),
(11, 2, 'Codec_MPEG4'),
(12, 2, 'Codec_Dirac'),
(15, 2, 'Codec_MPEG2'),
(14, 2, 'Codec_Quicktime'),
(16, 1, 'Codec_AIFF_AIFC'),
(18, 1, 'Codec_PCM'),
(19, 3, 'Codec_PDF'),
(20, 3, 'Codec_Word'),
(21, 3, 'Codec_OpenOffice'),
(22, 3, 'Codec_RTF');

--
-- Daten für Tabelle `mediaformats`
--

INSERT INTO `MediaFormats` (`MediaFormatID`, `ItemTypeID`, `MediaFormatName`) VALUES 
(1, 1, 'Format_File'),
(2, 1, 'Format_AudioCD'),
(3, 1, 'Format_AudioDVD'),
(4, 1, 'Format_MiniDisc'),
(5, 1, 'Format_Cassette'),
(6, 2, 'Format_DV'),
(7, 2, 'Format_VHS'),
(8, 2, 'Format_SVHS'),
(9, 2, 'Format_DVD'),
(10, 2, 'Format_File'),
(11, 2, 'Format_VCD'),
(12, 2, 'Format_SVCD'),
(13, 2, 'Format_Hi8'),
(14, 2, 'Format_MiniDV'),
(15, 2, 'Format_MiniDVD'),
(16, 2, 'Format_Video8'),
(17, 3, 'Format_Hardcover'),
(18, 3, 'Format_Softcover'),
(19, 3, 'Format_File');

-- EOF -- EOF -- EOF -- EOF -- EOF -- EOF -- EOF -- EOF -- EOF -- EOF -- EOF --